ID,Product_Name,Quantity,Revenue,ABC_Category,XYZ_Category,ABC_XYZ_Matrix
1,"Брауни С.Пудовъ, картон ритейл , 0,35 кг (НОВЫЙ ДИЗАЙН) (гофр",7007854.0,0,A,Z,AZ
2,"Мор. соль пом. №1 (средняя) ,"" Mareman"", пленка, 1 кг",2589570.0,0,A,Z,AZ
3,"Мука блинная классическая ""С.  Пудовъ"", Россия, 1000 гр",2477936.0,0,A,Z,AZ
4,"Вафли С.Пудовъ, пленка, 0,35 к кг",1393100.0,0,A,Z,AZ
5,"ШОКОЛАД МОЛОЧНЫЙ ТЕРМОСТАБИЛЬН С.ПУДОВЪ, ПЛЕНКА, 0,05 КГ (ГОФ",894572.0,0,A,Z,AZ
6,"Мор. соль крупная т.м. ""Лента"" , картон ритеил, 1 кг (гофро 1",702730.0,0,A,Z,AZ
7,"ЦЕДРА АПЕЛЬСИНА, С.ПУДОВЪ, ПЛЕ 0,01 КГ",693840.0,0,A,Z,AZ
8,"Солод ржаной ферментированный  0,3 кг",599650.0,0,A,Z,AZ
9,"МУКА РИСОВАЯ С.ПУДОВ, БУМ/ПАК, КГ (Т/У ПЛЕНКА 6 ШТ.)",526626.0,0,A,Z,AZ
10,"Мука пшеничная хлебопекарная в в/с ""С. Пудовъ"", Россия, 1000",515324.0,0,A,Z,AZ
11,"КЕКС МАЛИНОВЫЙ С.ПУДОВЪ, ПЛЕНК 0,300 КГ",471680.0,0,A,Z,AZ
12,"Готовая м/с ""Кекс апельсиновый й "" С.Пудовъ , Россия, 300 г",413360.0,0,A,Z,AZ
13,Мука кондитерская самоподнимаю ющаяся пшеничн. хлеб-п в/с 2 к,372750.0,0,A,Z,AZ
14,"Вафли бельгийские ""Золотое Утр ро"", картон ритеил, 0,4 кг",301250.0,0,A,Z,AZ
15,"МУКА ПШЕНИЧНАЯ ЦЕЛЬНОЗЕРНОВАЯ ""СЕЛЯНОЧКА"", БУМ/ПАК, 1 КГ (ДЛ",298560.0,0,A,Z,AZ
16,"Крахмал кукурузный С.Пудовъ, п пленка, 0,2 кг",297790.0,0,A,Z,AZ
17,"ЦЕДРА ЛИМОНА, С.ПУДОВЪ, ПЛЕНКА 0,01 КГ",287920.0,0,A,Z,AZ
18,"Мука рис. т.м.\\""Вкус и Польза\\ ""бум/пак0,5 кг(дляХ5)(т/упленк",281106.0,0,A,Z,AZ
19,"МУЧНАЯ СМЕСЬ ""ОЛАДЬИ"" Т.М. ""С.ПУДОВЪ"", БУМ/ПАК, 0,5 КГ (Т",270828.0,0,A,Z,AZ
20,"Разрыхлитель теста С.Пудовъ, л /бумага, 0,01 кг (гофра 15 шт.",266985.0,0,A,Z,AZ
21,Мука кондит. самоподнимающаяся я пшен. хлебопек. в/с 1000 г,256576.0,0,A,Z,AZ
22,"Агар-агар, С.Пудовъ, пленка, Р Россия, 0,007 кг",235000.0,0,A,Z,AZ
23,"Торт Красный бархат С.Пудовъ,  Россия, фасовка 400 г, 1/400",233056.0,0,A,Z,AZ
24,"Мука кукурузная  ""С. Пудовъ"",",232146.0,0,A,Z,AZ
25,"ДРОЖЖИ БЫСТРОДЕЙСТВУЮЩИЕ ХЛЕБОПЕКАРНЫЕ СУХИЕ С.ПУДОВЪ,",226160.0,0,A,Z,AZ
26,"Кокосовая стружка т.м.""Лента"",  пленка, 0,080 кг (гофро 20 шт",220340.0,0,A,Z,AZ
27,"ВАНИЛЬНЫЙ САХАР С.ПУДОВЪ (С НА ВАНИЛЬЮ), ПЛЕНКА, 0,015 КГ (ГО",212120.0,0,A,Z,AZ
28,"ЖЕЛАТИН ПИЩЕВОЙ БЫСТРОРАСТВОРИ С.ПУДОВЪ, Л/БУМАГА, 0,01 КГ (Г",203800.0,0,A,Z,AZ
29,"ЛИМОННАЯ КИСЛОТА Т.М. ""САМОКАТ Л/БУМАГА, 0,05 КГ (ГОФРО 20 ШТ",199300.0,0,A,Z,AZ
30,"МИНДАЛЬНЫЕ ЛЕПЕСТКИ, С.ПУДОВЪ, ПЛЕНКА, 0,02 КГ ПОЛУФАБРИКАТ",193536.0,0,A,Z,AZ
31,"Мука кукурузная т.м. ""Вкус и П ольза"", бум/пак, 0,5 кг (для Х",189906.0,0,A,Z,AZ
32,"РАЗРЫХЛИТЕЛЬ ТЕСТА С.ПУДОВЪ, Л/БУМАГА, 0,01 КГ (ГОФРО 40 ШТ",177240.0,0,A,Z,AZ
33,"МУКА УНИВЕРСАЛЬНАЯ БЕЗ ГЛЮТЕНА С.ПУДОВ, БУМ/ПАК, 0,5 КГ (Т/У",166662.0,0,A,Z,AZ
34,"Кекс ванильный т.м. \\""Рестория \\"", пленка, 0,3 кг (гофро 8)",164632.0,0,A,Z,AZ
35,ДРОЖЖИ БЫСТРОДЕЙСТВУЮЩИЕ ДЛЯ СДОБНОЙ ВЫПЕЧКИ С.ПУДОВЪ,155400.0,0,A,Z,AZ
36,"Блинчики классические С.Пудовъ ъ, пленка, 0,35 кг",152440.0,0,A,Z,AZ
37,"Мука пшеничная хлебопекарная в в/с ""С. Пудовъ"", Россия, 2 кг",137454.0,0,B,Z,BZ
38,"Готовая мучная смесь""Кекс вани ильный""С.Пудовъ ,Россия, 400 г",117820.0,0,B,Z,BZ
39,"Соль пищевая мелкая (помол №0) ), ""КУЛИНА"", Россия, 1000 г",111428.0,0,B,Z,BZ
40,"Сахарная пудра С.Пудовъ, пленк ка, 0,2 кг",108920.0,0,B,Z,BZ
41,"ОЛАДЬИ Т.М. ""САМОКАТ"", ПЛЕНКА, КГ (ГОФРО 10 ШТ.)Я Х5)",108230.0,0,B,Z,BZ
42,"Готовая м/с ""Печенье имбирное"" "" С.Пудовъ,400г, пл. ш-б",105780.0,0,B,Z,BZ
43,"Мука рисовая т.м. ""Семейные се креты"", бум/пак, 0,5 кг (т/у п",95730.0,0,B,Z,BZ
44,"Пектин яблочный для зефира и п пастилы С.Пудовъ, Россия, 10 г",95510.0,0,B,Z,BZ
45,"Мучная смесь ""Блины"" т.м. ""Сем ейные секреты"", бум/пак, 0,5 к",89040.0,0,B,Z,BZ
46,"Молочный коктейль банановый Ми МиМишки С.Пудовъ, пленка, 0,03",87940.0,0,B,Z,BZ
47,"Кекс апельсиновый т.м. \\""Ресто рия\\"", пленка, 0,3 кг (гофро 8",86872.0,0,B,Z,BZ
48,"Панкейки ЗУ, картон ритейл, 0, ,3 кг",85090.0,0,B,Z,BZ
49,"ПЕКТИН ЯБЛОЧНЫЙ ДЛЯ ДЖЕМА И ВА С.ПУДОВЪ, ПЛЕНКА, 0,010 КГ (ГО",84760.0,0,B,Z,BZ
50,"Крахмал картофельный С.Пудовъ, , пленка, 0,2 кг",83920.0,0,B,Z,BZ
51,"Ароматизатор Ванильно-сливочны ый ТМ стекл. флакон, 10 г",83470.0,0,B,Z,BZ
52,"МОР. СОЛЬ ЙОД. ПОМ. №0 (МЕЛКАЯ ""MARBELLE"", КАРТОН РИТЕИЛ, 0,7",81084.0,0,B,Z,BZ
53,"Мука пшеничная обойная Цельноз зерновая Россия, 1000 г",78512.0,0,B,Z,BZ
54,"Соль морская пищевая, мелкая ( (помол №0) ""Marbelle"",750 г",76146.0,0,B,Z,BZ
55,"МУКА ОВСЯНАЯ С.ПУДОВ, БУМ/ПАК, КГ (Т/У ПЛЕНКА 6 ШТ.)",66696.0,0,B,Z,BZ
56,"Соль морская пищевая, крупная  (помол №3) ""Marbelle"",750 гр",61796.0,0,B,Z,BZ
57,"МУКА БЛИННАЯ Т.М. ""СЕЛЯНОЧКА"", БУМ/ПАК, 1 КГ (ДЛЯ Х5)",61240.0,0,B,Z,BZ
58,"Мороженое домашнее ванильное С .Пудовъ, пленка, 0,07 кг (гофр",57730.0,0,B,Z,BZ
59,"Мука ржаная обойная Цельнозерн новая""С. Пудовъ"",Россия, 1000",55824.0,0,B,Z,BZ
60,"Мороженое домашнее клубничное С.Пудовъ, пленка, 0,07 кг (гоф",54630.0,0,B,Z,BZ
61,"Дрожжи быстродействующие хлебо опекарные сухие  Россия, 6 г",51960.0,0,B,Z,BZ
62,"Мор. соль пом. №0 (мелкая) ""Ma arbelle"", банка 145 мл",51590.0,0,B,Z,BZ
63,"КУБИКИ КАРАМЕЛИ ДЛЯ ВЫПЕЧКИ, С.ПУДОВЪ, ПЛЕНКА, 0,05 КГ",50806.0,0,B,Z,BZ
64,Дрожжи быстродействующие хлебо опекарные сухие  6 г П/Ф,50550.0,0,B,Z,BZ
65,"Соль морская пищевая, средняя  (помол №1) ""Marbelle"",750 гр",50428.0,0,B,Z,BZ
66,"Смесь MARCO PANATTI Панна Котт акл,т.м.\\""Лента\\"",пл,0,07кг(го",49740.0,0,B,Z,BZ
67,"Мор. соль пом. №0 (мелкая) т.м . ""Лента"", банка 475 мл, 0,5 к",49482.0,0,B,Z,BZ
68,"Соль морская пищевая, мелкая ( (помол №0) ""Marbelle"",750 гр",49364.0,0,B,Z,BZ
69,"МУЧНАЯ СМЕСЬ ""БЛИНЫ"" Т.М. ""С.ПУДОВЪ"", БУМ/ПАК, 0,5 КГ (Т",48888.0,0,B,Z,BZ
70,"КЕКС МАНГО-МАРАКУЙЯ С.ПУДОВЪ, ПЛЕНКА, 0,300 КГ (ГОФРО 6 ШТ.)",48702.0,0,B,Z,BZ
71,"Бородинский хлеб т.м.""Лента"", бум/пак, 0,4 кг (т/у пленка 6",47784.0,0,B,Z,BZ
72,"Мука кукурузная ""Семейные секр еты"", бум/пак, 0,5 кг (т/у пле",45858.0,0,B,Z,BZ
73,"ГЛАЗУРЬ БЕЛАЯ С АРОМАТОМ ВАНИЛ С.ПУДОВЪ, ПЛЕНКА, 0,1 КГ (ГОФР",45060.0,0,B,Z,BZ
74,"Кекс лимонный С.Пудовъ, пленка а, 0,300 кг",44410.0,0,B,Z,BZ
75,"Набор ""Имбирный человечек"" С.П удовъ",44280.0,0,B,Z,BZ
76,"Сода пищевая ""С.Пудовъ"", пл/б, , 0,45 кг",44010.0,0,B,Z,BZ
77,"Шарлотка, картон ритеил, 0,35 кг (гофро 8 шт.)",43824.0,0,B,Z,BZ
78,"Ванильный сахар с нат. ванилью  С.Пудовъ, пленка, 0,015 кг (г",43710.0,0,B,Z,BZ
79,"Торт Фисташковый бархат Саша+М аша, пленка, 0,300 кг (гофро 6",42258.0,0,B,Z,BZ
80,"Маффины шоколадные С. Пудовъ,  картон ритейл,  0,23 кг",41490.0,0,B,Z,BZ
81,"МУКА ОВСЯНАЯ Т.М. АШАН, БУМ/ПА 0,500 КГ (Т/У ПЛЕНКА 6 ШТ.) 6",40842.0,0,B,Z,BZ
82,"МИНДАЛЬНЫЕ ЛЕПЕСТКИ, С.ПУДОВЪ, ПЛЕНКА, 0,02 КГ",39592.0,0,B,Z,BZ
83,"Маффины ванильные С. Пудовъ, к картон ритейл,  0,25 кг",38730.0,0,B,Z,BZ
84,"Мука многозлаковая С.Пудов, бу м/пак, 0,5 кг (т/у пленка 6 шт",37980.0,0,B,Z,BZ
85,"ВАНИЛЬНЫЙ КЕКС ИЗ 100% РИСОВОЙ С.ПУДОВЪ, ПЛЕНКА, 0,300 КГ (ГО",37212.0,0,B,Z,BZ
86,"Мука ржаная цельнозерновая обо йная т.м. ""Маркет"", бум/пак, 1",36712.0,0,B,Z,BZ
87,Мука цельнозерновая самоподним мающаяся пшен. хлебопек. 1000,36000.0,0,B,Z,BZ
88,"АГАР-АГАР Т.М. ""РЕСТОРИЯ"", ПЛЕ 0,010  КГ (ГОФРО 20 ШТ.)",35700.0,0,B,Z,BZ
89,"МУКА СОЕВАЯ С.ПУДОВ, БУМ/ПАК, КГ (Т/У ПЛЕНКА 6 ШТ.)ПО 2ШТ",33648.0,0,B,Z,BZ
90,"Блины т.м. ""Лента"", пленка, 0, 3 кг (гофро 6 шт.)",33282.0,0,B,Z,BZ
91,"МУКА МИНДАЛЬНАЯ, С.ПУДОВ, КАРТ РИТЕЙЛ, 0,100 КГ (ГОФРО 6 ШТ.)",32796.0,0,B,Z,BZ
92,"Толокно овсяное С.Пудовъ, Росс сия, фасовка, 400 гр, 1/400гр.",32625.0,0,B,Z,BZ
93,"МУКА РЖАНАЯ ОБДИРНАЯ Т.М. АШАН ,",32592.0,0,B,Z,BZ
94,"МУКА КОКОСОВАЯ, С.ПУДОВ, КАРТО РИТЕЙЛ, 0,250 КГ (ГОФРО 6 ШТ.)",31800.0,0,B,Z,BZ
95,"Молочный коктейль ванильС.Пудо въпленка0,03кг(гофро10шт)",31530.0,0,B,Z,BZ
96,"Мука ржаная хлебопекарная обди ирная""С. Пудовъ"",Россия, 1000",31144.0,0,B,Z,BZ
97,"Оладьи по-домашнему ""Золотое у утро"", Россия, 250 гр, 1/250",29648.0,0,B,Z,BZ
98,"СОДА ПИЩЕВАЯ ДЛЯ ВЫПЕЧКИ,С.ПУД ПЛЕНКА,0,005 КГ",29560.0,0,B,Z,BZ
99,"Ванильный сахар розовый С.Пудо въ, пленка, 0,008 кг (гофро 20",29400.0,0,B,Z,BZ
100,"МороженоедомкарамельноеС.Пудов ъ,пленка,0,07кг(гофро10шт.)",29350.0,0,B,Z,BZ
101,"Кекс красный бархат С.Пудовъ, пленка, 0,300 кг (гофро 6 шт.)",28794.0,0,B,Z,BZ
102,"Молочный коктейль клубничный С .Пудовъ, пленка, 0,03 кг (гофр",28780.0,0,B,Z,BZ
103,"Пицца, картон ритейл, 0,35 кг (гофро 8 шт.)",28496.0,0,B,Z,BZ
104,"МУКА ЛЬНЯНАЯ С.ПУДОВ, БУМ/ПАК, КГ (Т/У ПЛЕНКА 6 ШТ.)",28416.0,0,B,Z,BZ
105,"Мороженое сливочное МиМиМишки С.Пудовъ, пленка, 0,07 кг (гоф",28090.0,0,B,Z,BZ
106,"Мучная смесь ""Блины"" т.м. ""Кра сная птица"", бум/пак, 0,5 кг (",27528.0,0,B,Z,BZ
107,"Мор. соль йодированная пом. №0  (мелкая), т.м. ""Окей"", банка",27434.0,0,B,Z,BZ
108,"Лимонная кислота ""С.Пудовъ"", Р Россия, фасовка 50 г, 1/50 г",27120.0,0,B,Z,BZ
109,"МУКА ПШЕНИЧНАЯ 1 СОРТ С.ПУДОВЪ БУМ/ПАК, 2 КГ",27066.0,0,B,Z,BZ
110,"Шарлотка С. Пудовъ, пленка, 0, 4 кг",26620.0,0,B,Z,BZ
111,"Разрыхлитель для теста С.Пудов ъ,банка145мл,0,1кг(без гофры,1",26210.0,0,B,Z,BZ
112,"Взбитые сливки, С.Пудовъ,0,05  кг",26130.0,0,B,Z,BZ
113,"Экстракт ржаного солода С. Пуд довъ, стекло, 0,65 кг",24824.0,0,B,Z,BZ
114,"Блинчики классические ЗУ, карт он ритеил, 0,25 кг (гофро 8 шт",24704.0,0,B,Z,BZ
115,"Мякоть кокоса помол fine, С.Пу удовъ, пленка, 0,04 кг",24480.0,0,B,Z,BZ
116,"Фокаччо с пряными травами С.Пу удовъ, 400г. пленка шоу-бокс",24450.0,0,B,Z,BZ
117,"МУКА ИЗ ТВЕРДОЙ ПШЕНИЦЫ СОРТ В (КРУПКА) С.ПУДОВ, БУМ/ПАК, 0,5",24288.0,0,B,Z,BZ
118,"Соль морская пищевая, мелкая ( (помол №0) ""Marbelle"",500 г",23526.0,0,B,Z,BZ
119,"МУКА ГРЕЧНЕВАЯ Т.М. АШАН, БУМ/ 0,5 КГ (Т/У ПЛЕНКА 6 ШТ.)2 кг",23526.0,0,B,Z,BZ
120,"МУКА НУТОВАЯ С.ПУДОВ, БУМ/ПАК, КГ (Т/У ПЛЕНКА 6 ШТ.)",22878.0,0,B,Z,BZ
121,"Мука Ржаная т.м. ""Красная птиц а"", бум/пак, 1 кг (для Ашан)",22752.0,0,B,Z,BZ
122,"Готовая хлебная смесь ""Француз зский хлеб"", Россия, 0,5кг",21610.0,0,B,Z,BZ
123,"ЖЕЛАТИН ДЛЯ ЖЕЛЕ, МАРМЕЛАДА С.ПУДОВЪ, Л/БУМАГА, 0,01 КГ (Г",21440.0,0,B,Z,BZ
124,"Кекс в кружке БрауниС.Пудовъпл енка, 0,07 кг(гофро 10 шт)",20610.0,0,B,Z,BZ
125,"Ароматизатор Ром ТМ С.Пудовъ,  Россия, стекл. флакон, 0,01 к",20300.0,0,B,Z,BZ
126,"Мука блинная т.м. ""Лента"", бум /пак, 0,800 кг",20088.0,0,B,Z,BZ
127,"МУКА РИСОВАЯ Т.М.""ХОРОШИЙ ВЫБО БУМ/ПАК, 0,500 КГ (Т/У ПЛЕНКА",19614.0,0,B,Z,BZ
128,"ОЛАДЬИ Т.М. АШАН, БУМ/ПАК, 0,5 (Т/У ПЛЕНКА 6 ШТ.)",19566.0,0,B,Z,BZ
129,"Набор печенье, форма, глазурь _x001A_Единорог_x001A_ С.Пудовъ, картон ри",19086.0,0,B,Z,BZ
130,"Сырники на рисовой муке ЗУ, ка артон ритейл, 0,110 кг",19024.0,0,B,Z,BZ
131,"Мука ржаная обдирная  т.м. ""Ма ркет"", бум/пак, 1 кг",18760.0,0,B,Z,BZ
132,"Кавказские травы, т.м. ""Окей"",  пленка, 0,01 кг (гофро 20)",18640.0,0,B,Z,BZ
133,"Пудинг ванильный С.Пудовъ, пле нка, 0,035 кг (гофро 10 шт.)",18590.0,0,B,Z,BZ
134,"МУКА ГОРОХОВАЯ С.ПУДОВ, БУМ/ПА 0,4 КГ (Т/У ПЛЕНКА 6 ШТ.)",18528.0,0,B,Z,BZ
135,"Мороженое домашнее карамельное С.Пудовъ,пленка,0,07кг СПАЙКА",18360.0,0,B,Z,BZ
136,"МУКА ПОЛБЯНАЯ Т.М. АШАН , БУМ/ 0,500 КГ  (Т/У ПЛЕНКА 6 ШТ.)",18186.0,0,B,Z,BZ
137,ХЛЕБНАЯ СМЕСЬ В АССОРТИМЕНТЕ (МОСКОВСКИЙ / АРОМАТНЫЙ /,18108.0,0,B,Z,BZ
138,"Кекс Лимонный с маком ""С.Пудов въ"", Россия, 300 г, 1/300 г",18040.0,0,B,Z,BZ
139,"БОРОДИНСКИЙ ХЛЕБ, БУМ/ПАК, 0,5 (Т/У ПЛЕНКА 6 ШТ.)",17952.0,0,B,Z,BZ
140,"Смесь пряностей для выпечки т. м. ""Окей"", пленка, 0,02 кг",17720.0,0,C,Z,CZ
141,"Мука блинная т.м. ""Красная пти ца"", бум/пак, 1 кг (для Ашан)",17312.0,0,C,Z,CZ
142,"КЕКС МАЛИНОВЫЙ С.ПУДОВЪ, ПЛЕНК 0,3 КГ (ДЛЯ ВАЙЛДБЕРРИЗ, СПАЙК",17220.0,0,C,Z,CZ
143,"""Кекс шоколадный"" С.Пудовъ, Р Россия, 400гр, пл. ш-б",17140.0,0,C,Z,CZ
144,"Мор. соль пом. №0 (мелкая) т.м . ""Premium CLUB"", банка 145 мл",16540.0,0,C,Z,CZ
145,"МУКА АМАРАНТОВАЯ, С.ПУДОВ, КАР РИТЕЙЛ, 0,200 КГ (ГОФРО 6 ШТ.)",16482.0,0,C,Z,CZ
146,"ШОКОЛАД ТЕМНЫЙ ТЕРМОСТАБИЛЬНЫЙ С.ПУДОВЪ, ПЛЕНКА, 0,05 КГ (ГОФ",16114.0,0,C,Z,CZ
147,"Готовая мучная смесь Пончики С С.Пудовъ, Россия, 400 гр 0гр",16040.0,0,C,Z,CZ
148,"МУКА ПШЕНИЧНАЯ ОБОЙНАЯ ЦЕЛЬНОЗЕРНОВАЯ Т.М.""ХОРОШИЙ ВЫ",15900.0,0,C,Z,CZ
149,"Готовая хлебная смесь ""Русский й черный  хлеб"", Россия, 0,5кг",15480.0,0,C,Z,CZ
150,"Мор. соль пом. №0 (мелкая), т. м. ""Окей"", картон ритеил, 0,5",14854.0,0,C,Z,CZ
151,"Мука льняная т.м.""Лента"", бум/ пак, 0,5 кг (т/у пленка 6 шт.)",14844.0,0,C,Z,CZ
152,"Ванильный сахар зеленый С.Пудо въ, пленка, 0,008 кг (гофро 20",14840.0,0,C,Z,CZ
153,"Мука с отрубями С.Пудовъ, бум/ /пак, 1кг",14496.0,0,C,Z,CZ
154,"Морсольйодпом.№0мел""Marbelle""б ан145мл,0,15кг(безгофры10шт)",13940.0,0,C,Z,CZ
155,"МУКА ИЗ ТВЕРДОЙ ПШЕНИЦЫ Т.М. А БУМ/ПАК, 0,5 КГ (Т/У ПЛЕНКА 6",13890.0,0,C,Z,CZ
156,"Мороженое домашнее фисташковое  С.Пудовъ, пленка, 0,07 кг (го",13810.0,0,C,Z,CZ
157,"Мука гречневая  ""С. Пудовъ"", Р Россия, 500 гр, 1/500 гр",13628.0,0,C,Z,CZ
158,"МУКА РЖАНАЯ Т.М.""ХОРОШИЙ ВЫБОР БУМ/ПАК, 0,500 КГ (Т/У ПЛЕНКА",13626.0,0,C,Z,CZ
159,"Мороженое домашнее шоколадное С.Пудовъ, пленка, 0,07 кг (гоф",13600.0,0,C,Z,CZ
160,"Хлебные палочки с семенами льн а С.Пудовъ, пленка, 0,4 кг (го",13524.0,0,C,Z,CZ
161,"Крема заварные в ассортименте (Парижский, Мокко)  130 г",13455.0,0,C,Z,CZ
162,"Кекс кокосовый С.Пудовъ, пленк ка, 0,300 кг",13310.0,0,C,Z,CZ
163,"МУКА ОВСЯНАЯ Т.М.""ХОРОШИЙ ВЫБО БУМ/ПАК, 0,500 КГ (Т/У ПЛЕНКА",13212.0,0,C,Z,CZ
164,"Кекс двойной шоколад, ""С.Пудов въ"", Россия, 300 г, 1/300 г",13088.0,0,C,Z,CZ
165,"Шоколадный торт-Двойной шокола д С.Пудовъ, картон ритейл, 0,4",13008.0,0,C,Z,CZ
166,"МУКА ЧЕРЕМУХОВАЯ, С.ПУДОВ, КАР РИТЕЙЛ, 0,150 КГ (ГОФРО 6 ШТ.)",12990.0,0,C,Z,CZ
167,"Кекс с шоколадом С.Пудовъ, пле енка, 0,300 кг",12470.0,0,C,Z,CZ
168,"МУКА КУКУРУЗНАЯ Т.М.""ХОРОШИЙ ВЫБОР"", БУМ/ПАК, 0,500 КГ (Т/У",12294.0,0,C,Z,CZ
169,КЕКСЫ В КРУЖКЕ В АССОРТ.(ШОКОЛ .ЛИМОННЫЙ)C.ПУДОВЪ.0.070 КГ,12220.0,0,C,Z,CZ
170,"Мука для пиццы С.Пудовъ, бум/п пак, 1 кг",12008.0,0,C,Z,CZ
171,"Мука из зеленой гречки С.Пудов ъ, бум/пак, 0,5 кг (т/у пленка",12006.0,0,C,Z,CZ
172,"Соль морская пищевая, мелкая ( (пом. №0) ""Marbelle"", 500 г",11790.0,0,C,Z,CZ
173,Хлебная смесь в ассортименте ( (Фр. / Русс. Черн. / Дерев.),11745.0,0,C,Z,CZ
174,"Фростинг ванильный С.Пудовъ, Р Россия, 100 г",11718.0,0,C,Z,CZ
175,"Кекс Баунти кокосовый с шокола адом ""С.Пудовъ"", Россия, 300 г",11520.0,0,C,Z,CZ
176,"""Торт домашний"", С. Пудовъ, Р Россия, фасовка, 400 гр.",11520.0,0,C,Z,CZ
177,"Приправа для яблочного штрудел я и шарлотки т.м. ""Окей"" , пле",11440.0,0,C,Z,CZ
178,"Фитнес хлеб С.Пудовъ, картон р ритейл, 0,5 кг",11300.0,0,C,Z,CZ
179,"ФОКАЧЧО Т.М. АШАН, БУМ/ПАК 0,4 (Т/У ПЛЕНКА 6 ШТ.)",11280.0,0,C,Z,CZ
180,"Ароматизатор Ирисово-сливочный й ТМ стекл. флакон, 10 г",11270.0,0,C,Z,CZ
181,"СОЛЬ МЕЛКАЯ ""КУЛИНА"", БАНКА 47 0,5 КГ (ГОФРО 18 ШТ.)",11250.0,0,C,Z,CZ
182,"Патока мальтозная С. Пудовъ, с стекло, 0,7 кг",11240.0,0,C,Z,CZ
183,"Мука цельнозерновая из бурого риса С.Пудов, бум/пак, 0,5 кг",11196.0,0,C,Z,CZ
184,"Лава Кейк - шоколадный десерт С.Пудовъ, картон ритейл, 0,25",10956.0,0,C,Z,CZ
185,"Готовая мучная смесь ""Кекс бан ановый"", Россия, фасовка 300 г",10794.0,0,C,Z,CZ
186,"Морож. Домаш. апелС.Пудовъплен ка0,0 кг(гофро10 шт.)",10770.0,0,C,Z,CZ
187,"Кекс в кружке Красный бархат, С.Пудовъ, пленка, 0,07 кг (гоф",10650.0,0,C,Z,CZ
188,"МУКА КУКУРУЗНАЯ Т.М. ""СЕЛЯНОЧК БУМ/ПАК, 0,5 КГ (ДЛЯ Х5) (Т/У",10638.0,0,C,Z,CZ
189,"Молочный коктейль шоколадный С .Пудовъ, пленка, 0,03 кг (гофр",10430.0,0,C,Z,CZ
190,"БЕЛЫЙ ХЛЕБ К ЗАВТРАКУ, БУМ/ПАК КГ (Т/У ПЛЕНКА 6 ШТ.)",10392.0,0,C,Z,CZ
191,"Готовая хлебная смесь ""Хлеб ""7 злаков"""", Россия, 0,5кг",10320.0,0,C,Z,CZ
192,"ТОРТ ФИСТАШКОВЫЙ БАРХАТ С.ПУДО КАРТОН РИТЕЙЛ, 0,4 КГ (ГОФРО 6",9936.0,0,C,Z,CZ
193,"МУКА ГРЕЧНЕВАЯ Т.М.""ХОРОШИЙ ВЫ БУМ/ПАК, 0,500 КГ (Т/У ПЛЕНКА",9570.0,0,C,Z,CZ
194,"Чизкейк классический С.Пудовъ,  картон ритейл, 0,35 кг (гофро",9520.0,0,C,Z,CZ
195,"ПИЦЦА Т.М. АШАН, БУМ/ПАК, 0,40 (Т/У ПЛЕНКА 6 ШТ.)Т.)",9498.0,0,C,Z,CZ
196,"Агар-агар С.Пудовъ, пленка, 0, ,007 кг ПОЛУФАБРИКАТ",9200.0,0,C,Z,CZ
197,"Мука овсяная т.м. ""Семейные се креты"", бум/пак, 0,5 кг (т/у п",9186.0,0,C,Z,CZ
198,"Мука кукурузная т.м.""Лента"", б ум/пак, 0,500 кг (т/у пленка 6",9096.0,0,C,Z,CZ
199,"Ароматизатор Миндаль ТМ С.Пудо овъ,Россия, стекл. флакон, 10",8940.0,0,C,Z,CZ
200,"Ванильный сахар с апельсиновым  ароматом С.Пудовъ, пленка, 0,",8940.0,0,C,Z,CZ
201,"ТОРТ ФИОЛЕТОВЫЙ БАРХАТ С.ПУДОВ КАРТОН РИТЕЙЛ, 0,4 КГ (ГОФРО 6",8868.0,0,C,Z,CZ
202,"ТОРТ ЛИМОННЫЙ БАРХАТ С.ПУДОВЪ, КАРТОН РИТЕЙЛ, 0,4 КГ (ГОФРО 6",8850.0,0,C,Z,CZ
203,"Мука кондитерская самоподнимаю щаяся т.м. ""Золотая птица"", бу",8808.0,0,C,Z,CZ
204,"Разрыхлитель для теста С.Пудов въ, пл/б, 0,1 кг",8720.0,0,C,Z,CZ
205,"ПОСЫПКА ШАРИКИ САХАРНЫЕ ЦВЕТНЫ С.ПУДОВЪ, ПЛЕНКА, РОССИЯ, 0,01",8640.0,0,C,Z,CZ
206,"Соль Абхазская (помол №1), ""Ma areman"", Россия, 450 гр",8580.0,0,C,Z,CZ
207,"Панна Котта ванильная т.м. ""Ок ей"", пленка, 0,08 кг",8580.0,0,C,Z,CZ
208,"ОРЕХОВАЯ НАЧИНКА С.ПУДОВЪ, ПЛЕ 0,100 КГ (ГОФРО 10 ШТ.)",8130.0,0,C,Z,CZ
209,"Ванильный сахар со сливочным а роматом С.Пудовъ, пленка, 0,00",8100.0,0,C,Z,CZ
210,"Глазурь голубая с ароматом ван нили С.Пудовъ, пленка, 0,1 кг",8080.0,0,C,Z,CZ
211,"Глазурь розовая с аром.ванили С.Пудовъ,пленка,0,1 кг(гофро10",8020.0,0,C,Z,CZ
212,"Кекс фисташС.Пудовъ, пленка, 0 ,300 кг (гофро 6 шт.)",7878.0,0,C,Z,CZ
213,"ЧЕСНОЧНЫЙ ХЛЕБ, БУМ/ПАК, 0,5 К (Т/У ПЛЕНКА 6 ШТ.)",7644.0,0,C,Z,CZ
214,"Оладьи по-домашнему ЗУ, картон  ритеил, 0,5 кг (гофро 6 шт.)",7638.0,0,C,Z,CZ
215,"Мука тыквенная, С.Пудов, карто н ритейл, 0,200 кг (гофро 6 шт",7578.0,0,C,Z,CZ
216,"Мука рисовая ""С. Пудовъ"", Росс сия, фасовка 500 гр, 1/500 гр",7570.0,0,C,Z,CZ
217,"МОСКОВСКИЙ ХЛЕБ, БУМ/ПАК, 0,5 (Т/У ПЛЕНКА 6 ШТ.)ум. уп.",7566.0,0,C,Z,CZ
218,"ОЛАДЬИ Т.М. АШАН, БУМ/ПАК, 0,5",7308.0,0,C,Z,CZ
219,"Мука конопляная, С.Пудов, карт он ритейл, 0,200 кг (гофро 6 ш",7272.0,0,C,Z,CZ
220,"Посыпка Маршмеллоу белый, С.Пу довъ, пленка, 0,01 кг (гофро 1",7084.0,0,C,Z,CZ
221,"Кексы в кружке в асс. (Шоколад ный, Лимонный), С.Пудовъ, 0,07",6800.0,0,C,Z,CZ
222,"Картофельные оладьи ЗУ, картон  ритеил, 0,25 кг (гофро 8 шт.)",6688.0,0,C,Z,CZ
223,Хлебные палочки из цельнозерно вой муки с кавказскими травами,6678.0,0,C,Z,CZ
224,"Соль поваренная пищевая, средн няя (черная), ""КУЛИНА"",1000 г",6580.0,0,C,Z,CZ
225,"Шоколадный торт-Двойной шокола ад С.Пудовъ, Россия, 490 г",6352.0,0,C,Z,CZ
226,"Экстракт ячменно-солодовый С.  Пудовъ, стекло, 0,7 кг",6144.0,0,C,Z,CZ
227,"МОРОЖЕНОЕ ДОМАШНЕЕ ВАНИЛЬНОЕ С.ПУДОВЪ, ПЛЕНКА, 0,07 КГ (ДЛЯ",6086.0,0,C,Z,CZ
228,"РАЗРЫХЛИТЕЛЬ ДЛЯ ТЕСТА С.ПУДОВ БАНКА 145 МЛ, 0,1 КГ (БЕЗ ГОФР",6040.0,0,C,Z,CZ
229,"Кекс с изюмом С.Пудовъ, пленка а, 0,300 кг",5930.0,0,C,Z,CZ
230,"Имбирь молотый т.м. ""Окей"", пл енка, 0,02 кг",5880.0,0,C,Z,CZ
231,"Ароматизатор Апельсин ТМ С.Пуд довъ,Россия, стекл. флакон 10",5780.0,0,C,Z,CZ
232,"Кулич бездрожжевой С.Пудовъ, п ленка, 0,4 кг (гофро 6 шт.)",5760.0,0,C,Z,CZ
233,"""Печенье овсяное"" С.Пудовъ,Ро оссия, 400 гр, пл. ш-б",5740.0,0,C,Z,CZ
234,"Ванильный сахар оранжевый С.Пу довъ, пленка, 0,008 кг (гофро",5580.0,0,C,Z,CZ
235,"ЖЕЛАТИН ДЛЯ МУССА, ЗЕФИРА, МАРШМЕЛЛОУ С.ПУДОВЪ, Л/БУМАГА,",5560.0,0,C,Z,CZ
236,"МУКА БЛИННАЯ Т.М.""КАЖДЫЙ ДЕНЬ , БУМ/ПАК, 1 КГ (ДЛЯ АШАН)",5472.0,0,C,Z,CZ
237,Соль Командор морская пищевая помол №1 1000 г брикет; 10,5390.0,0,C,Z,CZ
238,"ЖелеАпел.С.Пудовъ,пленка,0,045 кг(гофро10шт.)",5320.0,0,C,Z,CZ
239,"Ароматизатор Крем-брюле ТМ  Ро оссия, стекл. флакон, 10 г",5320.0,0,C,Z,CZ
240,"Мучная смесь ""Оладьи"" т.м. ""Се мейные секреты"", бум/пак, 0,5",5292.0,0,C,Z,CZ
241,"Набор для пирожных моти со вку сом манго-кокос С.Пудовъ, карт",5232.0,0,C,Z,CZ
242,"Ванильный сахар с клубничным а роматом С.Пудовъ, пленка, 0,00",5100.0,0,C,Z,CZ
243,"Мука пш.цвет. роз. в/с, С.Пудо въ, бум/пак, 0,5 кг(т/упл6 шт)",5082.0,0,C,Z,CZ
244,"Мука из топинамбура, С.Пудов, картон ритейл, 0,200 кг (гофро",5064.0,0,C,Z,CZ
245,Хлебная смесь в ассортименте ( Французский/Русский черный/Дер,5028.0,0,C,Z,CZ
246,"Мука из твердой пшеницы сорт в высший (крупка)  Россия, 500 г",4920.0,0,C,Z,CZ
247,"Мука пш.цвет. зел. в/с, С.Пудо въ, бум/пак, 0,5 кг(т/упл6 шт)",4920.0,0,C,Z,CZ
248,"Крема заварные в ассортименте (Парижский, Мокко) С.Пудовъ, 0",4920.0,0,C,Z,CZ
249,"Желе Клубничное С.Пудовъ, плен ка, 0,045 кг (гофро 10 шт.)",4910.0,0,C,Z,CZ
250,"Желе Манго-маракуйя МиМиМишки С.Пудовъ, пленка, 0,045 кг (го",4880.0,0,C,Z,CZ
251,"Набор для пирожных моти со вку сом яблоко-ежевика С.Пудовъ, к",4868.0,0,C,Z,CZ
252,"РАЗРЫХЛИТЕЛЬ ТЕСТА Т.М. ""РЕСТО Л/БУМАГА, 0,01 КГ (ДЛЯ Х5) (ГО",4830.0,0,C,Z,CZ
253,"Кекс Клубничный с кусочками кл лубники""С.Пудовъ"",Россия, 300",4760.0,0,C,Z,CZ
254,"Торт ванильный С. Пудовъ, карт тон ритейл, 0,29 кг",4730.0,0,C,Z,CZ
255,"Ванильный сахар желтый С.Пудов ъ, пленка, 0,008 кг (гофро 20",4620.0,0,C,Z,CZ
256,"Н-р форм.""Звездочка"", ""Ёлочка"" "", ""Человечек"", 11 г*3 шт",4500.0,0,C,Z,CZ
257,"Мука пш.цвет. жел. в/с, С.Пудо въ, бум/пак, 0,5 кг(т/упл6 шт)",4494.0,0,C,Z,CZ
258,"Мор. соль пом. №0 (мелкая) ""Ma rbelle"", банка 91 мл, 0,08 кг",4430.0,0,C,Z,CZ
259,"МУКА ЯЧМЕННАЯ Т.М. ""С. ПУДОВЪ"" БУМ/ПАК, 0,4 КГ  (Т/У ПЛЕНКА 6",4410.0,0,C,Z,CZ
260,"Лава кейк - шоколадный десерт  С.Пудовъ, Россия, 250 г",4360.0,0,C,Z,CZ
261,"Смесь для меренг и безе, С.Пуд овъ, пленка, 0,2 кг (гофро 6 ш",4350.0,0,C,Z,CZ
262,"Молочный коктейль клубничный т .м. ""Окей"", пленка, 0,03 кг",4280.0,0,C,Z,CZ
263,"Мука льняная ""С. Пудовъ"", Росс сия, фасовка 400 гр, 1/400 гр",4260.0,0,C,Z,CZ
264,"Соль морская пищевая, средняя  (помол № 1) ""Marbelle"",500 г",4248.0,0,C,Z,CZ
265,"Ароматизатор Лимон ТМ С.Пудовъ ъ, Россия, стекл. флакон, 10 г",4180.0,0,C,Z,CZ
266,"Семена мака целые С.Пудовъ, пл л./банка, 0,19 кг",4176.0,0,C,Z,CZ
267,"ПОСЫПКА ЖЕМЧУГ МИКС № 2 Т.М. ""С.ПУДОВЪ"", РОССИЯ, ФАСОВКА 15",4160.0,0,C,Z,CZ
268,"ДЕКОР ""СЕРДЕЧКИ"" КРАСНЫЕ, С.ПУ ПЛЕНКА, 0,05 КГ (ГОФРО 14 ШТ.)",4116.0,0,C,Z,CZ
269,"ПОСЫПКА СЕРДЕЧКИ РАЗНОЦВЕТНЫЕ ""С.ПУДОВЪ"", РОССИЯ, ФАСОВКА 10",4080.0,0,C,Z,CZ
270,"ОЛАДЬИ ПО-ДОМАШНЕМУ ЗУ, КАРТОН РИТЕИЛ, 0,25 КГ (ДЛЯ ВАЙЛДБЕРР",4080.0,0,C,Z,CZ
271,"Мука Пудов, бум/пак, 3 кг",4072.0,0,C,Z,CZ
272,"МОРОЖЕНОЕ ДОМАШНЕЕ ШОКОЛАДНОЕ С.ПУДОВЪ, ПЛЕНКА, 0,07 КГ (ДЛЯ",4046.0,0,C,Z,CZ
273,"Ароматизатор Шоколад ТМ С.Пудо овъ,Россия, стекл. флакон, 10",4020.0,0,C,Z,CZ
274,"ВАНИЛЬНЫЙ САХАР С НАТ. ВАНИЛЬЮ С.ПУДОВЪ, ПЛЕНКА, 0,015 КГ (ГО",4005.0,0,C,Z,CZ
275,"ПОСЫПКА ЖЕМЧУЖИНКИ МИКС № 2 Т. ""С.ПУДОВЪ"", РОССИЯ, ФАСОВКА 15",3980.0,0,C,Z,CZ
276,Хлебная смесь в ассортименте ( Белый к завтраку / Семейный /,3924.0,0,C,Z,CZ
277,"ДЕКОР ""ПЕРЕПЕЛИНЫЕ ЯЙЦА"", С.ПУ ПЛЕНКА, 0,05 КГ",3920.0,0,C,Z,CZ
278,"Заварной крем Парижский С.Пудо въ, пленка, 0,13 кг (гофро 10",3890.0,0,C,Z,CZ
279,"Ароматизатор Клубника ТМ С.Пуд довъ,Россия, стекл. Флакон 10",3780.0,0,C,Z,CZ
280,"Мор. соль йодированная пом. №0  (мелкая) ""Marbelle"", банка 14",3760.0,0,C,Z,CZ
281,"МОР. СОЛЬ ПОМ. №3 (КРУПНАЯ) ""MARBELLE"", КАРТОН РИТЕИЛ, 0,7",3738.0,0,C,Z,CZ
282,"АРОМАТНЫЙ ХЛЕБ С ТРАВАМИ, БУМ/ 0,5 КГ (Т/У ПЛЕНКА 6 ШТ.)",3732.0,0,C,Z,CZ
283,"Торт Красный бархат С.Пудовъ, картон ритейл, 0,8 кг (НОВЫЙ Д",3612.0,0,C,Z,CZ
284,"Пудинг кокосовый С.Пудовъ, пле нка, 0,035 кг (гофро 10 шт.)",3550.0,0,C,Z,CZ
285,"Оладьи по-домашнему ""Золотое У Утро"", Россия, 500 гр,",3540.0,0,C,Z,CZ
286,"Творожная запеканка на рисовой й муке ЗУ, картон ритейл, 110",3496.0,0,C,Z,CZ
287,"Мука для блинов и оладий  т.м.  ""Саша+Маша"", бум/пак, 1 кг",3448.0,0,C,Z,CZ
288,"Темпура с рисовой мукой ЗУ, ка артон ритейл, 0,130 кг",3408.0,0,C,Z,CZ
289,"Блинчики классические ""Золотое е утро"",Россия, 250 гр, 1/250г",3384.0,0,C,Z,CZ
290,"ПаннаКоттакар.С.Пудовъ, пленка , 0,07 кг(гофро10 шт.)",3380.0,0,C,Z,CZ
291,"Блинчики дрожжевые ""Золотое Ут тро"", Россия, 250 гр, 1/250  г",3312.0,0,C,Z,CZ
292,"Мука арахисовая, С.Пудов, карт он ритейл, 0,200 кг (гофро 6 ш",3306.0,0,C,Z,CZ
293,"Ароматизатор Вишня ТМ С.Пудовъ ъ, Россия, стекл. флакон, 10 г",3240.0,0,C,Z,CZ
294,"Глазурь голубая с аром.ванили С.Пудовъ,пленка,0,1 кг(гофро10",3220.0,0,C,Z,CZ
295,"Кекс с цукатами С.Пудовъ, плен нка 0,300 кг",3210.0,0,C,Z,CZ
296,"Готовая хлебная смесь""Деревенс ский ржаной хлеб"",Россия, 500",3140.0,0,C,Z,CZ
297,"ПАНКЕЙКИ Т.М. АШАН, БУМ/ПАК, 0 КГ (Т/У ПЛЕНКА 6 ШТ.)",3126.0,0,C,Z,CZ
298,"Ароматизатор Мята ТМ С.Пудовъ, , Россия, 10 мл, 1/10 гр",3110.0,0,C,Z,CZ
299,"Рисовые блины ЗУ, картон ритей йл, 0,250 кг",3080.0,0,C,Z,CZ
300,"ЧЕСНОЧНЫЙ ХЛЕБ С БАЗИЛИКОМ, БУМ/ПАК, 0,5 КГ (Т/У ПЛЕНКА 6",3072.0,0,C,Z,CZ
301,"Ароматизатор Лесной орех ТМ С. .Пудовъ, Россия, 10 мл, 1/10 г",3060.0,0,C,Z,CZ
302,"Ароматизатор Коньяк ТМ С.Пудов въ, Россия, стекл. флакон, 10",3040.0,0,C,Z,CZ
303,"Посыпка Маршмеллоу разноцветны й, С.Пудовъ, пленка, 0,01 кг (",2954.0,0,C,Z,CZ
304,"БЕЛЫЙ ХЛЕБ С ОТРУБЯМИ, БУМ/ПАК КГ (ДЛЯ ВАЙЛДБЕРРИЗ, СПАЙКА ПО",2951.0,0,C,Z,CZ
305,"СУБЛИМИРОВАННАЯ КЛУБНИКА, С.ПУ ПЛЕНКА",2930.0,0,C,Z,CZ
306,"Желе Лесные ягоды МиМиМишки С. Пудовъ, пленка, 0,045 кг (гофр",2930.0,0,C,Z,CZ
307,"ТОРТ КРАСНЫЙ БАРХАТ С.ПУДОВЪ, КАРТОН РИТЕЙЛ, 0,8 КГ (НОВЫЙ",2916.0,0,C,Z,CZ
308,"АГАР-АГАР С.ПУДОВЪ, ПЛЕНКА, 0, КГ (ДЛЯ ВАЙЛДБЕРРИЗ, СПАЙКА ПО",2900.0,0,C,Z,CZ
309,"Глазурь для кулича С.Пудовъ, п ленка, 0,1 кг(гофро 10 шт.)",2860.0,0,C,Z,CZ
310,"СУБЛИМИРОВАННАЯ МАЛИНА, С.ПУДО ПЛЕНКА, 0,005 КГ",2840.0,0,C,Z,CZ
311,"Ароматизатор Кофе ТМ С.Пудовъ, , Россия, 10 мл, 1/10 гр",2660.0,0,C,Z,CZ
312,"""Печенье песочное"" С.Пудовъ,Р Россия, 400 гр, пл. ш-б",2630.0,0,C,Z,CZ
313,"Мука ""Саша+Маша""  М55-23, фас* 2",2574.0,0,C,Z,CZ
314,"Рисовые маффины ЗУ, картон рит тейл, 0,250 кг",2560.0,0,C,Z,CZ
315,"Ароматизатор Кокос ТМ С.Пудовъ ъ, Россия, стекл. флакон, 10 г",2550.0,0,C,Z,CZ
316,"Сред хлеб с баз,орегано и кр п ерцем,картонритейл,0,5кг (гофр",2544.0,0,C,Z,CZ
317,"Солод ржаной белый неферментир рованный С.Пудовъ, 200 г",2520.0,0,C,Z,CZ
318,"Ароматизатор Тирамису ТМ С.Пуд довъ, Россия, 10 мл, 1/10 гр",2510.0,0,C,Z,CZ
319,"Кекс Рождественский С.Пудовъ, пленка, 0,300 кг (гофро 6 шт.)",2508.0,0,C,Z,CZ
320,"Готовая мучная смесь""Торт песо очный"",Россия, фасовка, 400 г.",2460.0,0,C,Z,CZ
321,"Морож дом апельсин С.Пудовъ,пл енка,0,07кг(дляВайлдберриз,сп.",2448.0,0,C,Z,CZ
322,"МОР. СОЛЬ ПОМ. №0 (МЕЛКАЯ) ""MARBELLE"", БАНКА 91 МЛ, 20 Х",2400.0,0,C,Z,CZ
323,"Глазурь белая с ароматом ванил ли С.Пудовъ, пленка, 0,1 кг",2400.0,0,C,Z,CZ
324,"""Гречневые блины по старинном му рецепту"" Россия, 350 гр",2380.0,0,C,Z,CZ
325,"Взбитые сливки, С.Пудовъ, плен ка, 0,05 кг(гофро 10 шт.)",2340.0,0,C,Z,CZ
326,"Мука грецкого ореха, С.Пудов, картон ритейл, 0,200 кг (гофро",2334.0,0,C,Z,CZ
327,"Глазурь розовая с ароматом ван нили т.м  Россия, 100 г",2320.0,0,C,Z,CZ
328,"Разрыхлитель для теста С. Пудо въ., пленка, 0,250 кг (гофро 6",2274.0,0,C,Z,CZ
329,"Блинчики ванильные ЗУ, картон ритеил, 0,25 кг(гофро 8 шт.)",2248.0,0,C,Z,CZ
330,"ПаннаКотта клуб.С.Пудовъ, плен ка, 0,07 кг(гофро10 шт.)",2230.0,0,C,Z,CZ
331,"Ванильный сахар голубой С.Пудо въ, пленка, 0,008 кг (гофро 20",2200.0,0,C,Z,CZ
332,"Ароматизатор Смородина черная  ТМ С.Пудовъ, Россия, 10 мл",2160.0,0,C,Z,CZ
333,"Кекс апельсиновый из кукурузно й муки С.Пудовъ, пленка, 0,300",2118.0,0,C,Z,CZ
334,"Лук сушеный жареный резаный С. Пудовъ, пакет, 0,2 кг, (гофро",2116.0,0,C,Z,CZ
335,"СУБЛИМИРОВАННАЯ ВИШНЯ, С.ПУДОВ ПЛЕНКА, 0,005 КГ",2110.0,0,C,Z,CZ
336,"Мороженое тутти-фрутти Сказочн ый патруль С.Пудовъ, пленка, 0",2080.0,0,C,Z,CZ
337,"Ароматные цукаты.Смесь для сдо б.выпечки С.Пудовъ, пленка, 0,",2040.0,0,C,Z,CZ
338,"Панна Котта клубничная С.Пудов ъ, пленка, 0,07 кг (гофро 20 ш",2000.0,0,C,Z,CZ
339,"Оладьи с яблоками ЗУ, картон р итеил, 0,25 кг(гофро 8 шт.)",1976.0,0,C,Z,CZ
340,)трайп-лента ММ десерты С.Пудо въ,1970.0,0,C,Z,CZ
341,"КРАСИТЕЛИ СУХИЕ ПИЩЕВЫЕ (КРАСН ЖЕЛЫЙ, СИНИЙ, ЗЕЛЕНЫЙ)",1960.0,0,C,Z,CZ
342,"ВЗБИТЫЕ СЛИВКИ, С.ПУДОВЪ, ПЛЕН 0,05 КГ(ГОФРО 10 ШТ.)",1960.0,0,C,Z,CZ
343,"Готовая х/с "" Ржаной хлеб с 7  видами семян"", Россия, 500 г",1960.0,0,C,Z,CZ
344,"КексвкружкеШок,С.Пудовъ,пленка ,0,07кг(гофро10 шт.)",1940.0,0,C,Z,CZ
345,"Мука пшенная (из проса) С.Пудо в, бум/пак, 0,5 кг (т/у пленка",1926.0,0,C,Z,CZ
346,"АРОМАТНЫЙ ХЛЕБ С ТРАВАМИ, БУМ/ 0,5 КГ (ДЛЯ ВАЙЛДБЕРРИЗ, СПАЙК",1923.0,0,C,Z,CZ
347,"Какао, С. Пудовъ, картон ритей йл, 0,07 кг",1920.0,0,C,Z,CZ
348,"Фростинг ванильный С.Пудовъ, Р Россия, 100 г СПАЙКА 2ШТ",1918.0,0,C,Z,CZ
349,"Ароматизатор Роза ТМ С.Пудовъ, , Россия, 10 мл, 1/10 гр",1910.0,0,C,Z,CZ
350,"Глазурь шоколадная С.Пудовъ, п ленка, 0,1 кг (гофро 10 шт.)",1900.0,0,C,Z,CZ
351,"Мука овсяная ""С. Пудовъ"", Росс сия, фасовка 400 гр, 1/400 гр",1896.0,0,C,Z,CZ
352,"ТОРТ АПЕЛЬСИНОВЫЙ БАРХАТ С.ПУД КАРТОН РИТЕЙЛ, 0,4 КГ (ГОФРО 6",1878.0,0,C,Z,CZ
353,"Соль пищевая ""Кулина"", банка 4 75 мл, 0,5 кг (гофро 15 шт.)",1845.0,0,C,Z,CZ
354,"Н-р Красители для яиц (красный й, желый, синий, зеленый) 20 г",1840.0,0,C,Z,CZ
355,"Мучная смесь ""Оладьи"" ""С.Пудов въ"" 500гр, Россия, 500 гр,",1820.0,0,C,Z,CZ
356,"Кексвкруж Лимон,С.Пудовъ,пленк а,0,07кг(гофро10шт)",1800.0,0,C,Z,CZ
357,"Хлеб 5 злаков, бум/пак, 0,5 кг  (т/у пленка 6 шт.)",1740.0,0,C,Z,CZ
358,"Пудинг малиновый С.Пудовъ, пле нка, 0,035 кг (гофро 10 шт.)",1700.0,0,C,Z,CZ
359,"Пончики дрожжевые (набор для в ыпечки) С.Пудовъ, картон ритей",1674.0,0,C,Z,CZ
360,"Готовая х/с ""Картофельный хлеб б с укропом"", Россия, 500 г",1635.0,0,C,Z,CZ
361,"Мука гречневая т.м. ""Семейные секреты"", бум/пак, 0,5 кг (т/у",1614.0,0,C,Z,CZ
362,"Ароматизатор Абрикос ТМ С.Пудо овъ, Россия, 10 мл, 1/10 гр",1610.0,0,C,Z,CZ
363,"Соль пищевая сорт Экстра т.м. ""Саша+Маша"", пленка, 1 кг",1550.0,0,C,Z,CZ
364,"Готовая мучная смесь ""Шарлотка а "", Россия, 350гр, 1/350гр.",1536.0,0,C,Z,CZ
365,"Ядра орехов КОКОСОВАЯ СТРУЖКА  С.Пудовъ, 0,120 кг",1512.0,0,C,Z,CZ
366,"Мука пшеничная 1 сорт С.Пудовъ ъ, бум/пак, 1 кг",1496.0,0,C,Z,CZ
367,"КРЕСТЬЯНСКИЙ ХЛЕБ, БУМ/ПАК, 0, (Т/У ПЛЕНКА 6 ШТ.)",1494.0,0,C,Z,CZ
368,"Ароматизатор Малина ТМ С.Пудов въ, Россия, стекл. флакон, 10",1460.0,0,C,Z,CZ
369,"БОГАТЫЙ ХЛЕБ,КАРТОН ОНЛАЙН ЖЕЛ 0,5КГ",1440.0,0,C,Z,CZ
370,"КУЛИЧ БЕЗДРОЖЖЕВОЙ ПЛЕНКА, 0,4 КГ",1404.0,0,C,Z,CZ
371,"Лимонная кислота пищевая С.Пуд довъ, пл.банка-контейнер, 120",1392.0,0,C,Z,CZ
372,"Готовая м/с Кексики с шоколадо ом ""С.Пудовъ"" , Россия, 250 г",1340.0,0,C,Z,CZ
373,"ТОРТ РОЗОВЫЙ БАРХАТ С.ПУДОВЪ, КАРТОН РИТЕЙЛ, 0,4 КГ (ГОФРО 6",1338.0,0,C,Z,CZ
374,"ПаннаКотта перс..С.Пудовъ, пле нка, 0,07 кг(гофро10 шт.)",1320.0,0,C,Z,CZ
375,"МУКА ПШЕНИЧНАЯ ОБОЙНАЯ ЦЕЛЬНОЗЕРНОВАЯ С.ПУДОВ, БУМ/ПА",1301.0,0,C,Z,CZ
376,"Мука пшеничная 2 сорт С.Пудовъ ъ, бум/пак, 1 кг",1280.0,0,C,Z,CZ
377,"Фростинг шоколадный С.Пудовъ,  картон ритейл, 0,1 кг",1260.0,0,C,Z,CZ
378,"Блины дрож по-домашнему ЗУ, ка ртон ритеил, 0,25 кг(гофро8шт)",1256.0,0,C,Z,CZ
379,"Мучная смесь ""Блины"" ""С.Пудовъ ъ"" 500гр, Россия, 500 гр,",1250.0,0,C,Z,CZ
380,"МОР. СОЛЬ ПОМ. №0 (МЕЛКАЯ) ""MARBELLE"", КАРТОН РИТЕИЛ, 0,7",1218.0,0,C,Z,CZ
381,"Нетающая сахарная пудра ТМ С.П Пудовъ, пл/б,  Россия, 0,06 кг",1200.0,0,C,Z,CZ
382,"Панна Котта классическая С.Пуд овъ, пленка, 0,07 кг (гофро 20",1200.0,0,C,Z,CZ
383,"ПРЯНЫЙ КЕКС ИЗ 100% ПОЛБЯНОЙ М С.ПУДОВЪ, ПЛЕНКА, 0,300 КГ (ГО",1188.0,0,C,Z,CZ
384,"Печенье сахарное С.Пудовъ, пле енка,  0,4 кг",1170.0,0,C,Z,CZ
385,Хлебные палочки из цельнозерно вой муки бездрожжевые с семена,1122.0,0,C,Z,CZ
386,"Мука чечевичная С.Пудов, бум/п ак, 0,5 кг (т/у пленка 6 шт.)",1062.0,0,C,Z,CZ
387,"Пудинг карамельный С.Пудовъ, п ленка, 0,035 кг (гофро 10 шт.)",1060.0,0,C,Z,CZ
388,"Оладьи картоф \\""Пудовъ\\"",карто нритеил,0,25кг(гофро8шт)",1008.0,0,C,Z,CZ
389,"Королевская глазурь белая "" ""  С.Пудовъ"", Россия, 150 г",1008.0,0,C,Z,CZ
390,"Сироп непастеризованный ""Мягка ая карамель"", Россия, 400 гр",1008.0,0,C,Z,CZ
391,"Брауни новогодний _x001A_Елочка_x001A_ С.П удовъ, картон ритейл, 0,2 кг (",978.0,0,C,Z,CZ
392,Мука пшеничная хлебопекарная в в/с (для хлебопечки) 1000 г,976.0,0,C,Z,CZ
393,"МУКА ПОЛБЯНАЯ С.ПУДОВ, БУМ/ПАК 0,45 КГ (Т/У ПЛЕНКА 6 ШТ.)",972.0,0,C,Z,CZ
394,"ТОРТ КРАСНЫЙ БАРХАТ С.ПУДОВЪ, КАРТОН РИТЕЙЛ, 0,4 КГ (НОВЫЙ",968.0,0,C,Z,CZ
395,"Ароматизатор Яблоко ТМ С.Пудов въ, Россия, стекл. флакон, 10",930.0,0,C,Z,CZ
396,"Молочный коктейль манго Сказоч ный патруль С.Пудовъ, пленка,",890.0,0,C,Z,CZ
397,"Кремфикс (загуститель) для сли ивок и сметаны  Россия, 8 г",880.0,0,C,Z,CZ
398,"Посыпка Рисовые шарики в белой  и темной глазури МиМиМишки,",874.0,0,C,Z,CZ
399,"Пудинг клубничный С.Пудовъ, пл енка, 0,035 кг (гофро 10 шт.)",860.0,0,C,Z,CZ
400,"Агар-агар пищевой ""С. Пудовъ"" Россия, фас. 40гр, 1/40 гр",840.0,0,C,Z,CZ
401,"Готовая мучная смесь ""Фитнес к кексы"", Россия, 0,35кг",840.0,0,C,Z,CZ
402,"Маффины Красный бархат С. Пудо въ, картон ритейл, 0,25 кг (го",816.0,0,C,Z,CZ
403,ХЛЕБНАЯ СМЕСЬ В АССОРТИМЕНТЕ (ФРАНЦУЗСКИЙ/РУССКИЙ,816.0,0,C,Z,CZ
404,"ПОСЫПКА МАРШМЕЛЛОУ БЕЛЫЙ, С.ПУ ПЛЕНКА, 0,01 КГ ПОЛУФАБРИКАТНЫ",816.0,0,C,Z,CZ
405,"Набор для выпечки Кексики с шо коладом МиМиМишки, С.Пудовъ, к",810.0,0,C,Z,CZ
406,"Пудинг шоколадный С.Пудовъ, пл енка, 0,035 кг (гофро 10 шт.)",800.0,0,C,Z,CZ
407,"Хлеб шотландский с черносливом  и солодом, картон ритейл, 0,5",792.0,0,C,Z,CZ
408,"Сироп ""Карамель"" ЗУ фас*0,68  кг",792.0,0,C,Z,CZ
409,"Панна Котта мал. С.Пудовъ, пле нка, 0,07 кг (гофро 10 шт.)",780.0,0,C,Z,CZ
410,"Мука кукурузная  ""С. Пудовъ"",  Россия, 450 гр, 1/450ГР",780.0,0,C,Z,CZ
411,"Глазурь итальянская на миндаль ной муке С.Пудовъ, пленка, 0,1",740.0,0,C,Z,CZ
412,"""Пшенично-ржанойхлеб с 5-ю ви идами семян"", Россия, 500 г",735.0,0,C,Z,CZ
413,"ПШЕНИЧНО-РЖАНОЙ ХЛЕБ С ТМИНОМ КОРИАНДРОМ, КАРТОН ОНЛАЙН",720.0,0,C,Z,CZ
414,"Кекс с изюмом С.Пудовъ, пленка , 0,300 кг (гофро 6 шт.)",720.0,0,C,Z,CZ
415,"Крахмал тапиоковый С.Пудовъ, п ленка, 0,200 кг (гофро 6 шт.)",708.0,0,C,Z,CZ
416,"Печенье _x001A_Снежки_x001A_ С.Пудовъ, кар тон ритейл, 0,4 кг (гофро 6 шт",684.0,0,C,Z,CZ
417,"Мука соевая т.м. ""С. Пудовъ"",  бум/пак, 0,4 кг",670.0,0,C,Z,CZ
418,"СЕМЕЙНЫЙ ХЛЕБ, БУМ/ПАК, 0,5 КГ ПЛЕНКА 6 ШТ.)",660.0,0,C,Z,CZ
419,"Кекс в кружке Красный бархат,  С.Пудовъ, пленка, 0,07 кг",640.0,0,C,Z,CZ
420,"Желе Малина МиМиМишки С.Пудовъ , пленка, 0,045 кг (гофро 10 ш",630.0,0,C,Z,CZ
421,МАКОВЫЙ РУЛЕТ,624.0,0,C,Z,CZ
422,"Желе Клубничное ""С.Пудовъ"", Ро оссия, фасовка 45 г, 1/45 г",600.0,0,C,Z,CZ
423,Стойка из гофрокартона с логот ипом Лента (4 полки 400*600*16,600.0,0,C,Z,CZ
424,"Соль (помол № 1) ""Кулина"", пле нка, 0,6 кг",585.0,0,C,Z,CZ
425,"Готовая м/с ""Печенье имбирное"" С.Пудовъ,400г,пл.ш-б СПАЙКА 2Ш",580.0,0,C,Z,CZ
426,"Мороженое манго Сказочный патр уль С.Пудовъ, пленка, 0,07 кг",570.0,0,C,Z,CZ
427,"Соль Итальянская ""Mareman"", ба нка 145 мл, 0,14 кг (без гофры",560.0,0,C,Z,CZ
428,"Ромовая Баба, картон онлайн ро зовый, 0,5 кг (гофро 6 шт.)",546.0,0,C,Z,CZ
429,"МОР. СОЛЬ ПОМ. №1 (СРЕДНЯЯ) ""MARBELLE"", КАРТОН РИТЕИЛ, 0,7",504.0,0,C,Z,CZ
430,"СОДА ПИЩЕВАЯ ДЛЯ ВЫПЕЧКИ С.ПУД ПЛЕНКА, 0,005 КГ (ДЛЯ ВАЙЛДБЕР",500.0,0,C,Z,CZ
431,"Желе Лимонное С.Пудовъ, пленка , 0,045 кг (гофро 10 шт.)",500.0,0,C,Z,CZ
432,"Средиземноморский хлеб с базил ликом, орегано и красн. Перцем",500.0,0,C,Z,CZ
433,"Пасхальный кулич - Набор для в выпечки,  картон ритейл, 533 г",480.0,0,C,Z,CZ
434,"Готовая х/с ""Московский хлеб"", , Россия, 500 г бум. уп.",480.0,0,C,Z,CZ
435,"Готовая х/с ""Чесночный хлеб с  базиликом"", Россия, 500 г",470.0,0,C,Z,CZ
436,"Посыпка Конфетти яркие С.Пудов ъ, РЕТ банка, 0,040 кг(подд.10",450.0,0,C,Z,CZ
437,"""Белый хлеб к завтраку"", Росс сия, 500 гр., . бум. уп.",450.0,0,C,Z,CZ
438,"ПОСЫПКА ВЕРМИШЕЛЬ РАЗНОЦВЕТНАЯ ЯРКАЯ С.ПУДОВЪ, ПЛЕНКА, 0,010",450.0,0,C,Z,CZ
439,"САХАРНАЯ ПУДРА С.ПУДОВЪ, ПЛЕНК 0,2 КГ (ДЛЯ ВАЙЛДБЕРРИЗ, СПАЙК",440.0,0,C,Z,CZ
440,"Вафли бельгийские ЗУ, картон р итеил, 0,4 кг (гофро 6 шт.)",414.0,0,C,Z,CZ
441,"Готовая м/с Кексикишоколадные  ""С.Пудовъ"" , Россия, 250 г",400.0,0,C,Z,CZ
442,"Посыпка Шарики разноцветные ми икс № 5 С.Пудовъ, Россия, 40 г",400.0,0,C,Z,CZ
443,"ЖЕЛАТИН ДЛЯ ХОЛОДЦА ИЗ КУРИЦЫ, ЗАЛИВНОГО ИЗ РЫБЫ С.ПУДОВЪ, ПЛ",400.0,0,C,Z,CZ
444,"Заварной крем Мокко С.Пудовъ, пленка, 0,13 кг (гофро 10 шт.)",380.0,0,C,Z,CZ
445,"БЕЛЫЙ ХЛЕБ С ОТРУБЯМИ, БУМ/ПАК КГ (Т/У ПЛЕНКА 6 ШТ.)0,5 КГ (Т",378.0,0,C,Z,CZ
446,"Мука нутовая т.м. ""С. Пудовъ"", , бум/пак, 0,45 кг",370.0,0,C,Z,CZ
447,"БЕЛЫЙ ХЛЕБ ПО-ДОМАШНЕМУ, БУМ/П 0,5 КГ (Т/У ПЛЕНКА 6 ШТ.)",342.0,0,C,Z,CZ
448,"Шок термостабильный для выпечк и \\""3 шоколада\\"", пленка 0,05",336.0,0,C,Z,CZ
449,"Сахар д джема и варенья 2:1, С .Пудовъ, плен 0,5 кг(гофро6шт)",324.0,0,C,Z,CZ
450,"САХАР ДЛЯ ДЖЕМА И ВАРЕНЬЯ 1:1,  С.ПУДОВЪ, ПЛЕНКА, 0,5 КГ (ГОФ",318.0,0,C,Z,CZ
451,"Ржаной хлеб с луком и розмарин ом, картон ритейл, 0,5 кг (гоф",312.0,0,C,Z,CZ
452,"Семена кунжута целые С.Пудовъ, , пл./банка, 0,19 кг",288.0,0,C,Z,CZ
453,"ПОСЫПКА МАРШМЕЛЛОУ РАЗНОЦВЕТНЫ С.ПУДОВЪ, ПЛЕНКА, 0,01 КГ",288.0,0,C,Z,CZ
454,"Посыпка Сердечки красно-бело-р озовые  С.Пудовъ, РЕТ банка, 0",270.0,0,C,Z,CZ
455,"Лук сушеный жареный резаный С. .Пудовъ, пл./банка, 0,1 кг",264.0,0,C,Z,CZ
456,"МУКА РИСОВАЯ Т.М. ""СЕЛЯНОЧКА"", БУМ/ПАК, 0,5 КГ (ДЛЯ Х5) (Т/У",240.0,0,C,Z,CZ
457,"Желе Персик МиМиМишки С.Пудовъ , пленка, 0,045 кг (гофро 10 ш",240.0,0,C,Z,CZ
458,"Горчица желтая в зернах ""С.Пуд довъ"", Россия, 80 гр, 1/80 гр.",240.0,0,C,Z,CZ
459,"Соль пищевая йодированная ""Кул ина"", банка 145 мл, 0,15 кг",240.0,0,C,Z,CZ
460,"МУКА КОНДИТЕРСКАЯ САМОПОДНИМАЮ С.ПУДОВЪ, БУМ/ПАК, 0,5 КГ (Т/У",228.0,0,C,Z,CZ
461,"Глазурь розовая с ароматом роз ы С.Пудовъ, пленка, 0,1 кг (го",220.0,0,C,Z,CZ
462,"Блинчики классические ""Золотое е Утро"", Россия, 500 гр,",220.0,0,C,Z,CZ
463,"МОХ ДЕКОРАТИВНЫЙ БИСКВИТНЫЙ С.ПУДОВЪ, ПЛЕНКА, 0,05 КГ (ГОФ",220.0,0,C,Z,CZ
464,ГОФРОЯЩИК №43 (380Х190Х129) ДЛ ВАЙЛДБЕРРИЗ,220.0,0,C,Z,CZ
465,"Оладьи с яблоками ""Золотое Утр ро"", Россия, 250 гр, 1/250  гр",216.0,0,C,Z,CZ
466,"Готовая хлебная смесь ""Пасхаль ьный кулич"", Россия, 0,5кг",200.0,0,C,Z,CZ
467,"Торт шоколадный С. Пудовъ, кар ртон ритейл, 0,29 кг",200.0,0,C,Z,CZ
468,"ДЕКОР ""БЕЗЕ"" ЖЕЛТЫЕ, С.ПУДОВЪ, ПЛЕНКА, 0,025 КГ (ГОФРО 20 ШТ.",200.0,0,C,Z,CZ
469,"Мука льняная ""С. Пудовъ"", Росс сия, фасовка 400 гр, ПО 2ШТ",200.0,0,C,Z,CZ
470,"Блинчики Постные ЗУ, картон ри теил, 0,25 кг(гофро 8 шт.)",184.0,0,C,Z,CZ
471,"Готовая мучная смесь ""Цельнозе ерновое печенье"", Россия, 350",180.0,0,C,Z,CZ
472,"Мастика сахарная коричневая, С С. Пудовъ, пленка,Россия, 100",180.0,0,C,Z,CZ
473,"Толокно овсяное С.Пудовъ, карт он ритеил, 0,4 кг (гофро 10 шт",170.0,0,C,Z,CZ
474,"Кейк-болл Пасхальное яйцо С.Пу удовъ, картон ритейл, 0,360 кг",170.0,0,C,Z,CZ
475,"ТОРТ ГОЛУБОЙ БАРХАТ С.ПУДОВЪ, КАРТОН РИТЕЙЛ, 0,4 КГ (ГОФРО 6",162.0,0,C,Z,CZ
476,"Мука гороховая т.м. ""С. Пудовъ ъ"", бум/пак, 0,4 кг",160.0,0,C,Z,CZ
477,"Соль морская пищ., ""Итальянска ая соль"", помол №0, ""Mareman""",160.0,0,C,Z,CZ
478,"КОКОСОВАЯ СТРУЖКА ПОМОЛ MEDIUM С.ПУДОВЪ, ПЛЕНКА, 0,080 КГ (ГО",150.0,0,C,Z,CZ
479,"ЦЕДРА ЛИМОНА, С.ПУДОВЪ, ПЛЕНКА 0,01 КГ ПОЛУФАБРИКАТ",150.0,0,C,Z,CZ
480,"Соль пищевая йодированная ""Кул ина"", банка 475 мл, 0,5 кг",150.0,0,C,Z,CZ
481,Мука пшеничная хлебопекарная в /с (для вареников и пельменей),136.0,0,C,Z,CZ
482,"МОРОЖЕНОЕ ДОМАШНЕЕ КЛУБНИЧНОЕ С.ПУДОВЪ, ПЛЕНКА, 0,07 КГ (ДЛЯ",136.0,0,C,Z,CZ
483,"Мороженое домашнее фисташковое С.Пудовъ,пленка,0,07кг СПАЙКА",136.0,0,C,Z,CZ
484,"Мука ячменная т.м. ""С. Пудовъ"" "", бум/пак, 0,4 кг",130.0,0,C,Z,CZ
485,Гофроящик №38 (380*304*285),130.0,0,C,Z,CZ
486,"Мука рисовая С.Пудовъ, бум/пак , 1 кг",128.0,0,C,Z,CZ
487,"Заварной крем Мокко С.Пудовъ,  Россия, 130 г",120.0,0,C,Z,CZ
488,"Готовая хлебная смесь ""Белый х хлеб с отрубями"", Россия, 0,5к",120.0,0,C,Z,CZ
489,"Посыпка шоколадная Крошка со в вкусом капучиноконтейнер, 90 г",120.0,0,C,Z,CZ
490,"Готовая хлебная смесь ""Чесночн ный хлеб"", Россия, 0,5кг",120.0,0,C,Z,CZ
491,"Сахарная пудра с корицей ""С.Пу удовъ"", Россия, 40 г, 1/40 г",120.0,0,C,Z,CZ
492,"МУКА ПУДОВ, МЕШОК, 10 КГ",114.0,0,C,Z,CZ
493,"ТОЛОКНО ОВСЯНОЕ С.ПУДОВЪ, КАРТ РИТЕИЛ, 0,4 КГ",112.0,0,C,Z,CZ
494,"Готовая х/с ""Сливочный хлеб"",  Россия, 500 гр., . бум. уп.",110.0,0,C,Z,CZ
495,"Аграм светлый С.Пудовъ, пленка а/обечайка, 0,25 кг",110.0,0,C,Z,CZ
496,"Форма для выпечки Пирог 350 С. .Пудовъ, 3 шт. (для Ритейла)",108.0,0,C,Z,CZ
497,"СМЕСЬ ДЛЯ АЙСИНГА, С.ПУДОВЪ, ПЛЕНКА, 0,2 КГ (ГОФРО 6 ШТ.)",102.0,0,C,Z,CZ
498,"ОВСЯНЫЕ БЛИНЫ ""С.ПУДОВЪ"",  ПЛЕ 0,4 КГ",100.0,0,C,Z,CZ
499,"Молочный коктейль карамельный МиМиМишки С.Пудовъ, пленка, 0,",100.0,0,C,Z,CZ
500,"ПОСЫПКА ВЕРМИШЕЛЬ РАЗНОЦВЕТНАЯ ЯРКАЯ Т.М. ""С.ПУДОВЪ"", РОССИЯ,",100.0,0,C,Z,CZ
501,"Улучшитель хлебопекарный ""Фаво орит"" С.Пудовъ, п/о, 250 г",100.0,0,C,Z,CZ
502,"СКОТЧ С ЛОГОТИПОМ 50ММ*66 М (""ПУДОВЪ"")",100.0,0,C,Z,CZ
503,"Винный камень С.Пудовъ, картон н ритейл, 0,020 кг",100.0,0,C,Z,CZ
504,"ТОРТ ЧЕРНЫЙ БАРХАТ С.ПУДОВЪ, К РИТЕЙЛ, 0,4 КГ (ГОФРО 6 ШТ.)",96.0,0,C,Z,CZ
505,"Мука миндальная ""С. Пудовъ"", Р Россия, 100 гр, 1/100 гр",84.0,0,C,Z,CZ
506,"Мука из твердой пшеницы в/с (д для лапши)  Россия, 1000 г",80.0,0,C,Z,CZ
507,"Соль Американская\\""Mareman\\"",б анка145мл,0,14кг(безгофры,10 ш",80.0,0,C,Z,CZ
508,"Готовая х/с ""Ароматный хлеб"",  Россия, 500 г . бум. уп.",80.0,0,C,Z,CZ
509,"Фенхель семена ""С.Пудовъ"", Рос ссия, фасовка 45 гр, 1/45 гр.",80.0,0,C,Z,CZ
510,"Соль Мексиканская ""Mareman"", б анка 145 мл, 0,14 кг",80.0,0,C,Z,CZ
511,"Мука ""Колос""  М75/23, бум/пак,  2 кг",78.0,0,C,Z,CZ
512,"СЛИВОЧНЫЙ ХЛЕБ, БУМ/ПАК, 0,5 К (Т/У ПЛЕНКА 6 ШТ.)",72.0,0,C,Z,CZ
513,"БЕЛЫЙ ХЛЕБ ПО-ДОМАШНЕМУ, БУМ/П 0,5 КГ (ДЛЯ ВАЙЛДБЕРРИЗ, СПАЙК",72.0,0,C,Z,CZ
514,"ПаннаКоттакар.С.Пудовъ, пленка , 0,07 кг (гофро 10 шт.)",70.0,0,C,Z,CZ
515,"ВАНИЛЬНЫЙ САХАР Т.М. ""РЕСТОРИЯ Л/БУМАГА, 0,008 КГ (ДЛЯ Х5) (Г",70.0,0,C,Z,CZ
516,"Мороженое дом апельсС.Пудовъпл енка,0,07кг(для Вайлдберриз,сп",68.0,0,C,Z,CZ
517,"Блинчики классические ЗУ, карт он ритеил, 0,5 кг (для Вайлдбе",65.0,0,C,Z,CZ
518,"Посыпка Глазурь молочно-шокола дная С.Пудовъ, пленка, 5 кг (г",64.0,0,C,Z,CZ
519,"Сахарная пудра с какао  ""С.Пуд довъ"", Россия, 40 г, 1/40 г",60.0,0,C,Z,CZ
520,"Торт Красный бархат Саша+Маша,  пленка, 0,300 кг (гофро 6 шт.",60.0,0,C,Z,CZ
521,"Маковая начинка С.Пудовъ, плен нка, 0,200 кг",60.0,0,C,Z,CZ
522,"Сахарная пудра с ароматом вани или ""С.Пудовъ"", Россия, 40 г",60.0,0,C,Z,CZ
523,"Готовая хлебная смесь""Белый хл леб по-домашнему"",Россия, 500",60.0,0,C,Z,CZ
524,"Готовая хлебная смесь ""Хлеб 5  злаков"", Россия, фасовка 500",60.0,0,C,Z,CZ
525,"Ванильный сахар, С.Пудовъ, пле енка, Россия, 0,015 кг",60.0,0,C,Z,CZ
526,"Разрыхлитель теста С.Пудовъ, л л/бумага, Россия, 0,01 кг 15ШТ",50.0,0,C,Z,CZ
527,"Аромат.Вишня С.Пудовъ, Россия,  стекл. флакон, 0,01 кг",50.0,0,C,Z,CZ
528,"Мука полбяная т.м. ""С. Пудовъ"" "", бум/пак, 0,45 кг",50.0,0,C,Z,CZ
529,"Гречневые блины по старинном му рецепту"" Россия, 350 гр",50.0,0,C,Z,CZ
530,"Формочка для печенья Цветок т. .м. ""С.Пудовъ"", пленка, 1 шт.",50.0,0,C,Z,CZ
531,"Брауни С.Пудовъ, Россия, фасов вка 350 г, 1/350 г",48.0,0,C,Z,CZ
532,"Заварной крем Парижский С.Пудо овъ, Россия, 130 г",45.0,0,C,Z,CZ
533,"Фитнес печенье С.Пудовъ, пленк ка, 0,35 кг",40.0,0,C,Z,CZ
534,"ЖЕЛАТИН ДЛЯ ПАННА КОТТЫ, КРЕМА МАСТИКИ, ГЛАЗУРИ С.ПУДОВЪ,",40.0,0,C,Z,CZ
535,"Джемфикс 1:1 С.Пудовъ, Россия, , 0,020 кг",40.0,0,C,Z,CZ
536,"Набор ""По вкусу"" ""Соль морская я и перец черный"", Россия, 115",40.0,0,C,Z,CZ
537,"Ванильный сахар с малиновым ар оматом С.Пудовъ, пленка, 0,008",40.0,0,C,Z,CZ
538,"Пос.Рис.Шарик.Бел.Роз.ГлазМиМи Мишкипленка0,03 кг(гофр20шт)",40.0,0,C,Z,CZ
539,"Паприка копченая молотая т.м. ""Окей"", пленка, 0,025 кг",40.0,0,C,Z,CZ
540,"Мороженое домашнее апельсиново ое С.Пудовъ, пленка, 0,07 кг",40.0,0,C,Z,CZ
541,"Глазурь желтая с ароматом вани или С.Пудовъ, пленка, 0,1 кг",40.0,0,C,Z,CZ
542,"ЖЕЛАТИН ДЛЯ ХОЛОДЦА ИЗ СВИНИНЫ ГОВЯДИНЫ, ДОМАШНЕЙ ВЕТЧИНЫ",40.0,0,C,Z,CZ
543,"ГЛАЗУРЬ ГОЛУБАЯ С АРОМАТОМ ВАН С.ПУДОВЪ, ПЛЕНКА, 0,1 КГ (ДЛЯ",34.0,0,C,Z,CZ
544,МОЛОЧНЫЙ КОКТЕЙЛЬ МАЛИНА СКАЗО ПАТРУЛЬ,34.0,0,C,Z,CZ
545,"ЖелеВиш.С.Пудовъ, пленка, 0,04 5 кг (гофро 10 шт.)",30.0,0,C,Z,CZ
546,"Набор для десерта Флан, картон  ритейл, 0,2 кг. (гофро 6 шт.)",30.0,0,C,Z,CZ
547,"Краситель пищ. EXTRA Бургундск кое вино  Италия, тюбик, 20 г",30.0,0,C,Z,CZ
548,"Мука ржаная обойная Цельнозерн новая""С. Пудовъ"",Россия,1КГ ПО",28.0,0,C,Z,CZ
549,"Посыпка Шарики сахарные цветны е С.Пудовъ, пленка, 5 кг (гофр",26.0,0,C,Z,CZ
550,"Джемфикс 1:1 С.Пудовъ, пленка,  0,020 кг (для Вайлдберриз, сп",25.0,0,C,Z,CZ
551,"Блинчики ванильные ""Золотое Ут тро"", Россия, 250 гр, 1/250  г",24.0,0,C,Z,CZ
552,"Глазурь со вкусом рома т.м ""С. .Пудовъ"", Россия, 100 г",20.0,0,C,Z,CZ
553,"Панна Котта ПЕРСИКОВАЯ С.Пудо въ, пленка, 0,07 кг (гофро 20",20.0,0,C,Z,CZ
554,"Печенье шоколадное с арахисом  С.Пудовъ, п/о, 350 г",20.0,0,C,Z,CZ
555,"Кекс в круж. Овсянник с вишней ,С.Пудовъ,пленка,0,07кг(гофро1",20.0,0,C,Z,CZ
556,"Глазурь белая с аром.ванилиС.П удовъ,пленка,0,1 кг(гофро10 шт",20.0,0,C,Z,CZ
557,"Маффины шоколадные С. Пудовъ, картон ритейл,  0,23 кг (для В",20.0,0,C,Z,CZ
558,"Улучшитель хлебопекарный Паниф фарин ""С.Пудовъ"", Россия, 250",20.0,0,C,Z,CZ
559,"Глазурь на желатине С.Пудовъ, пленка, 0,1 кг (гофро 10 шт.)",20.0,0,C,Z,CZ
560,"Паприка острая молотая т.м. ""О кей"", пленка, 0,025 кг",20.0,0,C,Z,CZ
561,"Молочный коктейль клубничный С С.Пудовъ, пленка, 0,03 кг",20.0,0,C,Z,CZ
562,"Мороженое домашнее шоколадное, , С.Пудовъ, пленка, 0,07 кг",20.0,0,C,Z,CZ
563,"Нетающая сахарная пудра т.м. "" Окей"" , пленка, 0,080 кг",20.0,0,C,Z,CZ
564,"Готовая х/с ""Бородинский хлеб"" "", Россия, 500 гр., . бум. уп.",20.0,0,C,Z,CZ
565,"Средизем.хлеб/базил.ореганоикр асным перцем,картонритейл0,5кг",18.0,0,C,Z,CZ
566,"Чизкейк шоколадный С.Пудовъ, к артон ритейл, 0,35 кг (гофро 4",16.0,0,C,Z,CZ
567,"Мука ржаная сеяная С.Пудовъ, б ум/пак, 1 кг",16.0,0,C,Z,CZ
568,"Маковый рулет (набор для выпеч ки) С. Пудовъ, картон ритейл,",16.0,0,C,Z,CZ
569,"""Хлеб шотландский с чернослив вом и солодом"", Россия, 500 г",15.0,0,C,Z,CZ
570,"Молоко сухое цельное 26%, без ЗЖМ, ГОСТ,т.м ""Окей"", дой-пак,",15.0,0,C,Z,CZ
571,"Чесночный пшенично-ржаной хлеб  с петрушкой, картон онлайн св",15.0,0,C,Z,CZ
572,"""Пшен. хлеб по стар. рецепту  с хрустящей корочкой"",500 г",15.0,0,C,Z,CZ
573,ПШЕНИЧНЫЙ ХЛЕБ ПО СТАРИННОМУ Р У С ХРУСТЯЩЕЙ КОРОЧКОЙ,14.0,0,C,Z,CZ
574,"Итальянский томатный хлеб с пр яными травами, картон онлайн с",14.0,0,C,Z,CZ
575,"Пудинг фисташковый С.Пудовъ, п ленка, 0,035 кг (гофро 10 шт.)",10.0,0,C,Z,CZ
576,"Торт пломбирный со сливками Ск азочный патруль, С.Пудовъ, кар",10.0,0,C,Z,CZ
577,"МУКА ГОРОХОВАЯ ""С. ПУДОВЪ"", БУМ/ПАК, 0,4 КГ (ДЛЯ ВАЙЛДБЕРР",10.0,0,C,Z,CZ
578,"Шоколад темный термостабильный , С.Пудовъ, пленка, 0,05 кг (д",10.0,0,C,Z,CZ
579,"Шоколад молочный термостабильн ый, С.Пудовъ, пленка, 0,05 кг",10.0,0,C,Z,CZ
580,"Ржаной хлеб с 7 видами семян, картон ритейл , 0,5 кг (для Ва",10.0,0,C,Z,CZ
581,"Дарницкий хлеб, картон ритейл,  0,5 кг (для Вайлдберриз, спай",10.0,0,C,Z,CZ
582,"Готовая хлебная смесь ""Рижский й хлеб"", Россия, 0,5кг",10.0,0,C,Z,CZ
583,"Русский черный хлеб, картон ри тейл, 0,5 кг (для Вайлдберриз,",10.0,0,C,Z,CZ
584,"Рижский хлеб, картон ритейл, 0 ,5 кг (для Вайлдберриз, спайка",10.0,0,C,Z,CZ
585,"Капли шоколадные термостабильн ные С. Пудовъ, Россия, 90 г",10.0,0,C,Z,CZ
586,"Семейный хлеб, бум/пак, 0,5 кг г",10.0,0,C,Z,CZ
587,"Сода пищевая ""С.Пудовъ"", банка  475 мл, 0,45 кг (для Вайлдбер",9.0,0,C,Z,CZ
588,"Патока мальтозная С. Пудовъ, с текло, 0,7 кг (гофро 8 шт.)",8.0,0,C,Z,CZ
589,"Её любимый ржаной хлеб, картон н ритейл, 0,5 кг (НОВЫЙ ДИЗАЙН",8.0,0,C,Z,CZ
590,"Ржаной хлеб из 100% муки грубо го помола, картон онлайн зелен",7.0,0,C,Z,CZ
591,"Белый хлеб по-домашнему, карто н онлайн желтый, 0,5 кг (для В",7.0,0,C,Z,CZ
592,"Скандинавский ржаной хлеб, кар тон онлайн синий, 0,5 кг (для",7.0,0,C,Z,CZ
593,"Ромовая Баба, картон онлайн ро зовый, 0,5 кг (для Вайлдберриз",7.0,0,C,Z,CZ
594,"Хлеб Золотистый, картон онлайн  желтый, 0,5 кг (для Вайлдберр",7.0,0,C,Z,CZ
595,"Кукурузный хлеб, картон онлайн  зеленый, 0,5 кг (для Вайлдбер",7.0,0,C,Z,CZ
596,"Пшенично-ржаной хлеб по-домашн ему, картон онлайн светло-кори",7.0,0,C,Z,CZ
597,"Чесночный хлеб с базиликом, ка ртон онлайн желтый, 0,5 кг (дл",7.0,0,C,Z,CZ
598,"Картофельный хлеб из Германии с жар. луком, картон онлайн си",7.0,0,C,Z,CZ
599,"Богатый хлеб, картон онлайн же лтый, 0,5кг (для Вайлдберриз,",7.0,0,C,Z,CZ
600,"Готовая хлебная смесь ""Украинс ский хлеб"", Россия, 500 гр, .",7.0,0,C,Z,CZ
601,"Улучшитель хлебопекарный для с добной выпечки, пленка, 0,200",6.0,0,C,Z,CZ
602,"Набор ""Корона принцессы"" Сказо чный патруль С.Пудовъ, картон",6.0,0,C,Z,CZ
603,"Мука в/с ""Саша+Маша"", бум/пак,  2 кг",6.0,0,C,Z,CZ
604,"Кекс с шоколадом С.Пудовъ, пле енка, 0,300 кг (СПАЙКА 2ШТ)",5.0,0,C,Z,CZ
605,"Крахмал кукурузный С.Пудовъ, п пленка, 0,2 кг СПАЙКА 2ШТ",5.0,0,C,Z,CZ
606,БАБУШКИН ХЛЕБ С ИЗЮМОМ И КОРИЦ,5.0,0,C,Z,CZ
607,"Хлеб ""7 злаков"", картон ритейл ,  0,5 кг (для Вайлдберриз, сп",5.0,0,C,Z,CZ
608,"Набор для пирожных моти со вку сом манго-кокос С.Пудовъ, 0,22",4.0,0,C,Z,CZ
609,"Смесь для меренг и безе, С.Пуд овъ, пленка, 0,2 кг (для Вайлд",3.0,0,C,Z,CZ
610,БРАКСКРОССДОКА,3.0,0,C,Z,CZ
611,"Посыпка вермишель разноцветная  С.Пудовъ, пленка, 5 кг (гофро",2.0,0,C,Z,CZ
612,"Гель-краситель пищевой EXTRA Х олодный серый С.Пудовъ, Италия",1.0,0,C,Z,CZ
